total_craters,mean_diameter_km,median_diameter_km,min_diameter_km,max_diameter_km,mean_depth_km,median_depth_km,min_depth_km,max_depth_km,mean_circularity
1696,4.044243140182513,3.407105742640645,1.563528038089344,16.516017681755528,42.73938720371462,41.600002,0.0,101.200005,0.847587941768433
1651,4.001669481065228,3.7492085263260826,1.0092530088080642,18.127262940257992,43.14573030199879,40.8,0.0,102.0,0.8609287763964237
