total_craters,mean_diameter_km,median_diameter_km,min_diameter_km,max_diameter_km,mean_circularity
1856,3.9025453233321663,3.2858897332920622,1.0092530088080642,13.243922367739705,0.8737777167930233
